<?xml version="1.0" encoding="utf-8"?>
<!DOCTYPE hibernate-configuration PUBLIC "-//Hibernate/Hibernate Configuration DTD 3.0//EN" "http://hibernate.sourceforge.net/hibernate-configuration-3.0.dtd">
<hibernate-configuration>
    <session-factory>
        <!-- JDBC Database connection settings -->
        <property name="hibernate.connection.driver_class">com.mysql.cj.jdbc.Driver</property>
        <property name="hibernate.connection.url">jdbc:mysql://localhost:3306/studentsmid</property>
        <property name="hibernate.connection.username">root</property>
        <property name="hibernate.connection.password">Keke123</property>

        <!-- JDBC connection pool settings -->
        <property name="hibernate.c3p0.min_size">5</property>
        <property name="hibernate.c3p0.max_size">20</property>
        <property name="hibernate.c3p0.timeout">300</property>
        <property name="hibernate.c3p0.max_statements">50</property>
        <property name="hibernate.c3p0.idle_test_period">3000</property>

        <!-- Specify dialect -->
        <property name="hibernate.dialect">org.hibernate.dialect.MySQLDialect</property>

        <!-- Echo all executed SQL to stdout -->
        <property name="hibernate.show_sql">true</property>

        <!-- Drop and re-create the database schema on startup -->
        <property name="hibernate.hbm2ddl.auto">update</property>

        <!-- Specify annotated entity classes -->
        <mapping class="com.example.student_mis.model.AcademicUnit"/>
        <mapping class="com.example.student_mis.model.Course"/>
        <mapping class="com.example.student_mis.model.CourseDefinition"/>
        <mapping class="com.example.student_mis.model.Semester"/>
        <mapping class="com.example.student_mis.model.Teacher"/>
        <mapping class="com.example.student_mis.model.Users"/>
        <mapping class="com.example.student_mis.model.Student"/>
        <mapping class="com.example.student_mis.model.StudentRegistration"/>
        <mapping class="com.example.student_mis.model.StudentCourse"/>

    </session-factory>
</hibernate-configuration>